-1.055889811401678618e-02,-6.615298970438611426e-02,4.411847424133597678e-02
-1.071358998765974124e-02,9.544300304593685697e-03,-6.656516573267977355e-02
-1.071358998765974124e-02,9.544300304593685697e-03,6.566521263312198597e-02
-1.092867469978067163e-01,6.364091335000382488e-02,-4.536931409778938162e-02
-1.098554879712577287e-02,-7.041629416248744444e-02,3.860160055728116546e-02
-1.115346466447329904e-01,-7.816701476489515410e-02,6.221264546592816108e-02
-1.116618307096811646e-01,8.902552957751530549e-02,-1.616236049229360927e-02
-1.117213494643370386e-01,-9.881862598676983966e-02,-4.499765497788986109e-04
-1.124221034601807917e-01,4.739871085885533075e-02,6.100995306193497669e-02
-1.125836603010686027e-01,-9.607223000325965101e-02,4.076048893663936773e-02
-1.152196225260767454e-02,-7.894396414439087961e-02,-3.134482201679116703e-02
-1.182202106906404260e-01,-4.755388543742270629e-02,-8.801839291561243395e-02
-1.188867069658615105e-01,-9.514407236943980828e-02,3.628775184187377906e-02
-1.189687414068488214e-01,-9.245879632707973417e-02,-3.944444786785809148e-02
-1.199119137595309886e-01,-9.587062112814818959e-02,2.491389456488979359e-02
-1.247242813660169591e-01,-7.899919069652819315e-02,-4.792670295937546260e-02
-1.256384917386372813e-01,9.329151226771681404e-02,-7.607880224554408079e-03
-1.304395967079860219e-01,-9.253064837251671892e-02,-2.641422708218367846e-02
-1.304395967079860219e-01,-9.253064837251671892e-02,2.551427398262588395e-02
-1.328980603688599271e-01,9.596767337218940763e-02,-4.499765497788986109e-04
-1.337023545620180665e-01,9.396229754947540980e-02,-7.629703181998368465e-03
-1.337516877251425929e-01,-7.278520643499979126e-02,-4.911341545823632443e-02
-1.348042393324744848e-01,-9.306577704362599401e-02,1.836103404316324211e-02
-1.352868132915845678e-01,-3.838776391380540470e-02,8.283530109970306532e-02
-1.353313205233591110e-01,9.150490773822639312e-02,-1.480085020315229268e-02
-1.356541082150700683e-01,-6.139853966606172858e-02,-7.064079579294502143e-02
-1.358326612830565994e-01,2.984524209628256278e-02,7.205346095609942159e-02
-1.358868203775310812e-01,-9.193332591063244075e-02,-2.460022021137235615e-02
-1.358868203775310812e-01,-9.193332591063244075e-02,2.370026711181456164e-02
-1.397956969317594722e-01,1.493420245643857849e-02,7.676448400423620255e-02
-1.403377864495443661e-01,-2.221998773461667312e-03,8.056880084320276747e-02
-1.419270775024228937e-01,-8.959872569042021118e-02,2.645320686647644609e-02
-1.436530926236135874e-01,7.414554049133394165e-02,-5.676080999405842820e-02
-1.436906262247883981e-01,-8.430646874888639286e-02,3.899843912937528412e-02
-1.437265490515258759e-01,5.959423248587630839e-02,-6.216835236317889979e-02
-1.547008895243155435e-01,-5.161225080818297728e-02,-5.813561876025086228e-02
-1.560606835716456531e-01,-4.225288429180047711e-02,-6.337908585543465534e-02
-1.567700699122419050e-01,2.333297213158263064e-02,-6.713353260646427734e-02
-1.569668528560034249e-01,-9.492637492584111991e-02,-4.499765497788986109e-04
-1.575614970857874830e-01,1.449698745804661217e-02,6.884057319000433384e-02
-1.590060101981671525e-01,-2.992492121104278757e-02,6.903306712722831473e-02
-1.650484086303466991e-01,-1.569972951153513277e-02,7.338591018976708957e-02
-1.666484190035879553e-01,5.988324505009954418e-02,6.084802548724809607e-02
-1.688344892015762599e-01,2.116657639279326611e-02,-6.665310634660398525e-02
-1.693186803270857188e-01,2.843971036448271483e-02,6.334455328214720626e-02
-1.694913400060594766e-01,-4.971910185921330633e-02,-5.215112830828984303e-02
-1.697036682015337083e-01,-9.402663595530860730e-02,3.476672055175850790e-02
-1.699042096189823381e-01,-1.122031708069338163e-01,2.851542001576510416e-02
-1.699551407726200836e-01,-7.132514807090742370e-02,5.000135486852259892e-02
-1.703101119932675100e-01,-1.170251902761197255e-01,-2.462402707403849381e-02
-1.707771343087027827e-01,9.780682622171696372e-02,-4.499765497788986109e-04
-1.712200333593503210e-01,-1.148450070751821928e-01,-2.022061879768950049e-02
-1.712200333593503210e-01,-1.148450070751821928e-01,1.932066569813170598e-02
-1.714752644041238339e-01,1.021674430050502173e-02,7.113817034189214017e-02
-1.719680335427083429e-01,9.654569210867383622e-02,6.969644413263324269e-03
-1.733857323742759027e-01,-1.091875965174506219e-01,2.693674920783753479e-02
-1.741744749237593148e-01,-1.105833197834802523e-01,2.159687374699990198e-02
-1.787342961095340077e-01,7.178573676474701848e-02,-5.844822405641147273e-02
-1.797064240503159493e-01,-8.356597912094060332e-02,4.669564942145690289e-02
-1.814415477174320390e-01,2.842383912270529320e-02,-6.684720466630326985e-02
-1.836919657974072084e-01,4.027415964307675539e-02,6.410166201143062403e-02
-1.837514877480440623e-01,-5.590788261436700074e-02,5.556595094126458301e-02
-1.882319463329696074e-01,-2.330712794280154210e-02,7.327920916721752942e-02
-1.909370630255419754e-01,3.270638687850982527e-03,7.307705697533155298e-02
-1.925172327485709656e-01,-7.092407162797220721e-02,-5.226775285192658549e-02
-1.964459371690875644e-01,3.428484325976576680e-02,-6.852871894768144956e-02
-1.966475524361610827e-01,-1.108342554297541832e-01,-2.512027663596080526e-02
-1.970695369869714386e-01,-9.920951364219268709e-02,-3.312156374883391124e-02
-1.973472933060194390e-01,-1.157929989672522586e-01,2.392439646722901644e-02
-1.983858976521518658e-01,4.387536229986838121e-02,-6.759198330078658445e-02
-1.983858976521518658e-01,4.387536229986838121e-02,6.669203020122879688e-02
-1.989762592673605113e-01,-1.129452648173549095e-01,-3.142155112927454835e-02
-1.989912675942607789e-01,-1.893575788774616298e-01,-6.900807774987890997e-02
-2.012046889978735542e-01,-4.854858339621354046e-02,6.717407362748847865e-02
-2.024036165362175510e-01,-9.979879501581437329e-02,-3.231866300340329595e-02
-2.025172911893668715e-01,-1.388448979104285087e-02,-7.228102439142332358e-02
-2.035162270189988243e-01,-1.101270103964456654e-01,2.482611854398844922e-02
-2.035693186558104328e-01,-1.830969460768709367e-01,5.014693180427808733e-02
-2.037805730016597761e-01,1.012277595687108428e-01,-4.051502000654204350e-03
-2.040476036083830047e-01,-1.151034596688303574e-01,-2.541529285054226414e-02
-2.043998774210440961e-01,-1.023296412549756507e-01,2.353881733629113390e-02
-2.044647558358813344e-01,-1.096991324566225084e-01,-2.806024200431040533e-02
-2.045451922863553984e-01,-8.348769036971630253e-02,-5.342877925127773736e-02
-2.052315228198267338e-01,-1.827103474279856421e-01,6.312096244953570301e-02
-2.052320597446391781e-01,-1.001414233577375829e-01,-3.101693993132405985e-02
-2.054004240251133540e-01,9.695588348949651936e-02,-2.163655344773049091e-02
-2.066159834487190927e-01,-6.606398163279905700e-02,-6.427775097634227941e-02
-2.070663866628167649e-01,-9.303949968762638412e-02,-4.064225681284284325e-02
-2.074224189491649661e-01,-1.938257009756250149e-01,4.646755225559808661e-02
-2.079076839242993413e-01,-1.776084367244259998e-01,-5.225048496644059404e-02
-2.087226974378202371e-01,-8.463247159750994508e-02,5.769036427329030797e-02
-2.098991124858138324e-01,1.325853362435779753e-02,-6.679626712070346750e-02
-2.107704391850210579e-01,-1.732346727700879996e-01,5.008135666557707311e-02
-2.119806293605023539e-01,3.960745243310791891e-02,-6.527829758041155117e-02
-2.154691193544336358e-01,-1.840680001680279898e-01,-4.437118365537611603e-02
-2.154691193544336358e-01,-1.840680001680279898e-01,4.347123055581831458e-02
-2.163372245047661679e-01,-1.945358980004638708e-02,6.826683706809537344e-02
-2.164407103704031332e-01,-1.663123824095502634e-01,-5.884983103219707662e-02
-2.174954096769848022e-01,-1.656909302909162218e-01,-5.003594177348752448e-02
-2.175828133660965835e-01,5.824999008222098151e-02,5.991933092861580212e-02
-2.179769161784320675e-01,-5.469071880828598603e-02,-6.583432796743389492e-02
-2.183501044909303412e-01,-1.769097697041925044e-01,4.336018299907276607e-02
-2.189093628187893936e-01,-8.118365651204119404e-02,6.007643896391478416e-02
-2.194010581077490141e-01,-1.070224344273374706e-01,4.118955258542333214e-02
-2.200026695761707896e-01,-1.783376573232724749e-01,-6.764828370254880041e-02
-2.203109794738318250e-01,-1.158155242415267877e-01,-4.647457702019078263e-02
-2.205876619432549646e-01,-1.582313571680573905e-01,-5.877101174812239537e-02
-2.217206372171368622e-01,-1.226783054353517144e-01,5.232673148749244357e-02
-2.217656877656858927e-01,-9.525506239852687962e-02,3.470693653067745410e-02
-2.219050964580603080e-01,-1.019698568869023825e-01,5.764746781595309066e-02
-2.219624707094474125e-01,-1.667156001597732418e-01,-4.661505956219007957e-02
-2.219624707094474125e-01,-1.667156001597732418e-01,4.571510646263227812e-02
-2.229619434638917819e-01,-1.882347796071680290e-01,7.047006968419576578e-02
-2.229951816665670383e-01,-1.669268672895466710e-01,-5.977208888504205453e-02
-2.229951816665670383e-01,-1.669268672895466710e-01,5.887213578548425308e-02
-2.234664993805018929e-01,-1.500339854332770617e-01,-4.949127309901426436e-02
-2.234664993805018929e-01,-1.500339854332770617e-01,4.859131999945646291e-02
-2.247045712944580331e-01,-7.816540399045783516e-02,-5.894527580957142909e-02
-2.250627512800560392e-01,-1.579627285708209428e-01,-4.577124706363968482e-02
-2.250627512800560392e-01,-1.579627285708209428e-01,4.487129396408188337e-02
-2.253174454000170801e-01,-1.878873253338948501e-01,4.477456440233489737e-02
-2.255394382421153643e-01,-1.378671541279306578e-01,5.568069944403879895e-02
-2.260027148677876130e-01,-1.805741409259722374e-01,4.414313762691721155e-02
-2.264815367451726291e-01,-3.674689611912180381e-02,6.068072866443675190e-02
-2.266134412740969106e-01,-1.906900217191672409e-01,6.673492665856600725e-02
-2.267421242541464710e-01,-1.994571015448250856e-02,6.187805821226752961e-02
-2.273549983597055457e-01,2.360074899987552044e-02,5.771770908695274954e-02
-2.276188074175540810e-01,-1.010256106845953128e-01,5.896221770669620582e-02
-2.286858304269738240e-01,-1.497959104146536213e-01,4.481129261629102772e-02
-2.290413385724336948e-01,-1.260525966352453453e-01,-4.495397718751408672e-02
-2.293737717348824923e-01,-6.846239281018567935e-02,5.322437709045262089e-02
-2.299105047884670294e-01,-1.934436485503594240e-03,5.926249290805670616e-02
-2.300327574546913723e-01,-1.379958371079802459e-01,-5.720156773741823936e-02
-2.304075693255510926e-01,-1.140632317643364979e-01,-5.818763015547556011e-02
-2.304075693255510926e-01,-1.140632317643364979e-01,5.728767705591775866e-02
-2.308542140659616271e-01,-1.231319301983240661e-01,5.572091127731377408e-02
-2.312290131528972614e-01,-1.493455072005559492e-01,-4.603349967872832904e-02
-2.314510059949955456e-01,-7.643509986272963019e-02,-5.211847497014244351e-02
-2.318510021963438028e-01,4.184151667817063297e-02,-5.331429921090976437e-02
-2.318563714444682455e-01,-1.504243425558494940e-01,5.560562584972712774e-02
-2.324429618020656674e-01,-1.136970106904759137e-01,-5.789647628396459023e-02
-2.332901524525610171e-01,-1.738679244506717847e-01,5.191353908048590426e-02
-2.343035724682049070e-01,1.074626519381143841e-01,-4.499765497788986109e-04
-2.344440550102041831e-01,6.318085188124417106e-02,-4.929454129094918563e-02
-2.361995562523450387e-01,-6.405271242107224428e-02,-4.952805564464785038e-02
-2.361995562523450387e-01,-6.405271242107224428e-02,4.862810254509004892e-02
-2.362301226148821320e-01,7.588228132484943489e-02,-4.623891816322335535e-02
-2.364306640323307895e-01,-1.245195995921669907e-01,5.327049509666451077e-02
-2.372923260849139904e-01,-1.376011973708323455e-01,-4.665173664044979657e-02
-2.374253044634631604e-01,-1.508297080053222494e-01,-4.758080193288114629e-02
-2.375052039891247802e-01,-1.657922684573033545e-01,5.932897570536922738e-02
-2.375352206429253432e-01,-1.627434559651449175e-01,-6.096030349498535866e-02
-2.382027971597333871e-01,-8.666572915869882876e-02,-2.402257540466802913e-02
-2.382027971597333871e-01,-8.666572915869882876e-02,2.312262230511023461e-02
-2.384682042080951414e-01,-7.411551436137972515e-02,-4.795780305074399258e-02
-2.392258562541530742e-01,-1.649284587054703766e-01,5.181568453341760250e-02
-2.394826980733638921e-01,8.481049082487564228e-02,-3.742802673471662400e-02
-2.396628491318636978e-01,-8.317562839033020017e-02,-4.986736016630354679e-02
-2.403760003381091026e-01,-5.288947029373231024e-02,-4.153406016248663291e-02
-2.416483843043654156e-01,4.025174622813815217e-02,-4.795678353279654582e-02
-2.417400833919767511e-01,9.664756719987342704e-02,-7.059833398136173069e-03
-2.417400833919767511e-01,9.664756719987342704e-02,6.159880298578375088e-03
-2.417625958823271526e-01,-9.895053051569412117e-02,-3.782470550775941798e-02
-2.417625958823271526e-01,-9.895053051569412117e-02,3.692475240820161653e-02
-2.439845952990149502e-01,-1.119592023992975888e-01,-4.194612758417185644e-02
-2.440682405144395939e-01,7.582517663080668054e-03,-4.968778758036955512e-02
-2.450275078275710450e-01,5.835240209823303048e-02,-4.135824285425872965e-02
-2.458907806545915786e-01,-7.676994968988682180e-03,3.878417416939901330e-02
-2.461856802158655655e-01,-1.124466022897576134e-01,4.484078512920325332e-02
-2.476210847823197836e-01,-9.531672565645150919e-02,-4.887410998691769926e-02
-2.485417318607274217e-01,9.024108900112104426e-02,-4.499765497788986109e-04
-2.488264554184131394e-01,7.672035703745733182e-02,-3.323228851149579582e-02
-2.491529951918491359e-01,9.040248604295753054e-02,3.126937450206856376e-03
-2.497224423072205712e-01,-4.462389363091859296e-03,-2.389340503751190281e-02
-2.500945567700939565e-01,2.279114628223240929e-02,1.681555509618603075e-02
-2.508168229142268557e-01,-5.373188934455516708e-02,-3.665547502511332101e-02
-2.508168229142268557e-01,-5.373188934455516708e-02,3.575552192555551956e-02
-2.518956454855963423e-01,-4.145765120790475752e-03,1.804097891522995004e-02
-2.526205834698673769e-01,-3.726352136213549604e-03,-4.499765497788986109e-04
-2.532752737911767027e-01,-1.949696725252808224e-02,-2.331624282394256786e-02
-2.551691226599911433e-01,3.666448444058395539e-02,2.208508062266911764e-02
-2.556297146616012261e-01,5.351054837079688431e-02,-3.343695594044959057e-02
-2.567584073209076001e-01,9.398535335660032630e-02,-6.639348161924868257e-03
-2.573750399001537570e-01,5.506712536188849288e-02,-2.002067183271179218e-02
-2.581546675117496470e-01,2.674232484132710655e-02,-3.301738434764855002e-03
-2.586152595133597298e-01,-1.130543777106413419e-02,2.311275352286380844e-03
-2.587401968036463495e-01,-5.196710697351346331e-02,4.847270916127744723e-03
-2.589407382210949238e-01,6.731546696733385626e-02,1.405248088568922075e-02
-2.590174034139577364e-01,5.392073975161957439e-02,-4.536763066778859107e-04
-2.590243834365195674e-01,7.826165673619005572e-03,4.068123500681075470e-03
-2.596463724799661366e-01,7.807157307171240512e-02,5.323145300011087634e-03
-2.615611230646936458e-01,-1.121144237108528258e-02,-6.521330969555848463e-03
-2.616667566295803882e-01,5.364781575588356555e-02,-5.804704133944145646e-03
-2.616667566295803882e-01,5.364781575588356555e-02,4.904751034386347665e-03
-2.625123365056384328e-01,7.819865166928670341e-02,-7.114632887308828917e-03
-2.630844554611480035e-01,-2.998411717161497334e-02,2.995515913915213716e-03
-2.643139621459532074e-01,5.337542868495999404e-02,-6.631680204447121599e-03
-2.648152965136886250e-01,2.598998771171619204e-02,4.484801923992232618e-03
-2.665348877130161442e-01,-5.354604304786621943e-02,5.785025281974798608e-03
-2.687509809567669716e-01,-6.856319405176039550e-02,7.502999314902898675e-03
-2.688984435213281343e-01,5.290357404621268134e-02,-3.540345983726827725e-03
-2.688984435213281343e-01,5.290357404621268134e-02,2.640392884169030611e-03
-2.701429585330336058e-01,-3.318757040171994160e-02,-9.198507197501981647e-03
-2.737413647064270705e-01,-9.480304840999187466e-02,-1.036473505597371517e-02
-2.750196676295444398e-01,-7.468817024170174013e-02,-1.576595177964755165e-02
-2.765333353793746896e-01,-5.686177428741193834e-02,6.858651987190474662e-03
-2.818717231110445254e-01,-6.681090796653216257e-02,6.024329954298167540e-03
-2.884878384892468617e-01,-7.802063244192100622e-02,-8.258072202568980669e-03
-2.915473894776542396e-01,-9.442824932305626806e-02,7.610613589030775991e-03
-2.966745100795505907e-01,-1.039505661280541310e-01,9.897438686868886143e-03
-2.988450158499399989e-01,-1.089741944723515016e-01,9.721781177692311038e-03
-3.157265872992433275e-02,-7.645225588887968882e-02,-4.146424715294452779e-02
-3.157265872992433275e-02,-7.645225588887968882e-02,4.056429405338672634e-02
-3.216419007418865050e-02,-4.718954040442466247e-02,-6.767885006508590762e-02
-3.651671353862477598e-02,-9.062661710815192451e-02,-4.499765497788986109e-04
-4.349847631209345644e-02,4.118451246659814852e-02,-5.869487069614789249e-02
-4.407059846358405558e-02,6.869724297216399378e-02,3.331534566811504561e-02
-4.740563502652013483e-02,5.988539274934932821e-02,4.351777362750673672e-02
-4.773502002206493622e-02,8.463997884515168935e-02,-1.592847220881483949e-02
-4.846896587885905772e-02,8.937566847485070576e-02,8.169009002012703885e-03
-5.863284171787255805e-02,-1.299118672730238677e-02,-8.318243896915114566e-02
-5.863284171787255805e-02,-1.299118672730238677e-02,8.228248586959335809e-02
-5.989831931894226691e-02,-2.785766799967539717e-02,8.407070117352111183e-02
-6.268954457925263180e-02,-6.225537578729496702e-02,7.435910558821187677e-02
-6.650168837575301528e-02,-9.779180841866304263e-02,-2.100368049089833614e-02
-6.877773542707700527e-02,-9.895535644704407663e-02,-4.499765497788986109e-04
-7.477890250803412298e-02,8.631881489442969069e-02,-1.474374601216192973e-02
-8.206604942842046779e-03,-2.908856174024611330e-02,-6.159515955804443360e-02
-8.313509851992463562e-02,-9.482235213539172425e-02,4.370168955165569524e-02
-8.658498745501827520e-02,-6.491973732981785872e-02,-8.109555923830022439e-02
-8.658498745501827520e-02,-6.491973732981785872e-02,8.019560613874243682e-02
-8.754091816395809245e-02,-4.992269543854221253e-02,-8.868703049812125261e-02
-8.754091816395809245e-02,-4.992269543854221253e-02,8.778707739856346504e-02
-8.856966610460489941e-02,-7.595198897880710287e-02,-7.085366730519375433e-02
-8.867132706507571682e-02,-8.108499657775421199e-02,-6.306380232717388734e-02
-9.036018571085271955e-02,8.708128647987553594e-02,1.410572433159961760e-02
-9.175725465478082321e-03,-5.832344981790369559e-02,4.893711236259588176e-02
-9.405291806826129863e-02,8.408662669022951008e-02,-2.421078033535450230e-02
-9.507185434715684225e-02,8.688315912303998245e-03,-8.540067991215181953e-02
-9.507185434715684225e-02,8.688315912303998245e-03,8.450072681259403196e-02
1.023480292570404515e-01,1.017039032139956528e-01,-9.556632851422528635e-03
1.023480292570404515e-01,1.017039032139956528e-01,8.656679751864730654e-03
1.028499133335124271e-01,-4.209202737075746353e-02,1.358448859001239704e-02
1.050456290022385719e-01,8.663677665479065093e-02,1.771974287230737577e-02
1.061641456579567322e-01,-3.797580515547508556e-02,1.373789408129220957e-02
1.079245397771627646e-02,-7.345116578540843155e-02,-4.113298371955142335e-02
1.079245397771627646e-02,-7.345116578540843155e-02,4.023303061999362190e-02
1.091480797352779308e-01,6.395458610382726006e-02,2.434579295753049391e-02
1.093078660026770565e-01,2.190364038796673756e-04,-2.496815752704414568e-02
1.105679262660952955e-01,4.773640780205471584e-02,2.636639762983560356e-02
1.110992900715553899e-01,-9.167032434104549488e-03,-2.083349130525804019e-02
1.139223640318525466e-01,1.077286086952126964e-01,-8.397214829522934784e-03
1.176548352173441836e-01,1.337622882163839837e-02,2.452338243723756542e-02
1.183722690381650566e-01,-2.107145611928252019e-02,-4.499765497788986109e-04
1.239347717433347262e-01,-5.351510485659192844e-03,-1.423103395197229150e-02
1.239347717433347262e-01,-5.351510485659192844e-03,1.333108085241449352e-02
1.247937491718556779e-01,1.154246332783334800e-01,-4.499765497788986109e-04
1.261047533728357484e-01,1.051495031425517673e-01,1.657308720164171745e-02
1.280114756532248210e-01,-7.459084992651725081e-03,-1.050843595086666492e-02
1.287337290134336343e-01,5.592021579335872128e-02,-2.669374598476780339e-02
1.303927244124993279e-01,3.695955338885235225e-02,2.381479828787896186e-02
1.353032086364978070e-01,7.756164790697783751e-02,-2.611325995093094487e-02
1.353032086364978070e-01,7.756164790697783751e-02,2.521330685137315036e-02
1.393847320857758698e-01,1.228525661890303017e-01,7.595600468158955274e-03
1.396313851174743326e-01,9.070623956661293466e-03,-4.499765497788986109e-04
1.445461647399723659e-01,1.139152481430786568e-01,-2.341828091017451874e-02
1.447955023957330778e-01,1.252188066214045270e-01,1.206168912339423797e-02
1.463997953835498023e-01,1.139055962803787458e-01,-2.838941526611220637e-02
1.481000828574774164e-01,2.456059478557275771e-02,-1.371360462378759179e-02
1.502041122225163672e-01,1.183222503000918996e-01,3.256274007609791243e-02
1.531017164603506731e-01,1.056395876570740411e-01,3.385636772823711477e-02
1.534513184328736290e-01,1.126873522327107580e-01,-4.147363055323823045e-02
1.540239870971197578e-01,1.290590462871085697e-01,-1.724655071379701046e-02
1.545998517423923524e-01,1.208064480001909136e-01,3.290944329382987366e-02
1.549569578783654700e-01,1.061103684461964514e-01,-3.968101757941806113e-02
1.553510606907008984e-01,1.120299772873392108e-01,-6.522789056766213622e-02
1.559349792081601849e-01,1.277389271482409772e-01,1.799288259676267571e-02
1.562518671188962982e-01,5.482798288560222083e-02,-2.709476649803505000e-02
1.564164984935315361e-01,1.199597942745079943e-01,-4.035421263087062005e-02
1.565601898004814196e-01,1.174262634112844816e-01,-5.487983453681855722e-02
1.569811132855909730e-01,1.334086741927346942e-01,1.549018496049197995e-02
1.571446452427531226e-01,1.220455937637719701e-01,7.129581530200355954e-02
1.572197124451027439e-01,1.167667407666631296e-01,-4.807238855848584153e-02
1.584679859304953808e-01,1.157426078226185540e-01,-7.824835562125326271e-02
1.585494706627461337e-01,1.369314890228902348e-01,-1.214807169486456680e-02
1.587559054692075644e-01,1.337105537765704844e-01,2.388225106543302029e-02
1.594728023652159932e-01,1.230622225443663981e-01,-7.756362947025723098e-02
1.594728023652159932e-01,1.230622225443663981e-01,7.666367637069944341e-02
1.594738762148408817e-01,1.361867103884069063e-01,-1.470508582767529257e-02
1.595033815116772002e-01,1.223994783508703943e-01,-5.545624249886564605e-02
1.596100761422647452e-01,1.351620405195498864e-01,2.868893302167292020e-02
1.596406297208777525e-01,1.223131612953076292e-01,-4.955137991417900289e-02
1.601269813295610744e-01,1.242316703537222899e-01,2.777922259033784036e-02
1.605591546678837855e-01,1.308751433295111954e-01,3.011478799682005755e-02
1.606288526221089363e-01,1.109725933566953066e-01,6.899499660124107370e-02
1.609848849084571654e-01,1.228718699144301374e-01,-7.563868370605524027e-02
1.615301959751167526e-01,1.221844655313339134e-01,7.285882899888247721e-02
1.615548911506219099e-02,-5.382958409257215804e-02,6.034989349250118734e-02
1.615886440761287457e-01,5.316630925443632805e-02,2.632457342413276405e-02
1.616191976547417530e-01,1.213270860933261808e-01,-6.990566902116163162e-02
1.617280399845790473e-01,1.070513930996288415e-01,-6.486810619958886803e-02
1.620009767642391629e-01,9.344272052204093126e-02,3.031510889157786395e-02
1.620309934180396982e-01,1.245759030781208032e-01,-7.303438103898168832e-02
1.620309934180396982e-01,1.245759030781208032e-01,7.213442793942390074e-02
1.620771178162136728e-01,9.669475266374816247e-02,-4.962167551685608968e-02
1.621194837407004818e-01,1.118353420428274958e-01,4.725860230338257278e-02
1.621242904961643083e-01,1.373647362108378622e-01,2.607063035971292700e-02
1.621983094167372130e-01,1.189415547194762057e-01,6.480783319511425333e-02
1.622310106946000252e-01,1.108637510268579984e-01,4.242795368542521400e-02
1.625951190551157277e-02,-7.069404408957341568e-02,-5.540584187807828798e-02
1.634251059096320235e-01,7.148064202399860567e-02,-3.337180586722510167e-02
1.640589072989523667e-01,1.379631261303849443e-01,-7.733886570494334645e-03
1.641993770570275568e-01,1.388585760943799596e-01,-4.962503194918522998e-04
1.643554176346636586e-01,1.284054170315000187e-01,3.536881780929632124e-02
1.644326325362630847e-01,1.282102448621758595e-01,5.362384915091254756e-02
1.646138574443877511e-01,1.151125776909094484e-01,4.552529395348949015e-02
1.647055437480750006e-01,1.226509637058808694e-01,-6.342841901855918174e-02
1.649200324267230955e-01,1.379078995782476447e-01,-1.220147653781679907e-02
1.649200324267230955e-01,1.379078995782476447e-01,1.130152343825900109e-02
1.653886655165957287e-01,1.212997412796637531e-01,3.311201735521134004e-02
1.656197732965815073e-01,4.477794249753342531e-02,2.131279737547203679e-02
1.657318371752934671e-01,1.254488277678412755e-01,-6.170722343675641430e-02
1.663146818431278373e-01,1.210353952970027736e-01,-3.652255097824161356e-02
1.666809251189692309e-02,-6.248058378630585302e-02,5.842816927717388309e-02
1.671667048169352132e-01,1.067730998557683691e-01,-4.187872754030473599e-02
1.671667048169352132e-01,1.067730998557683691e-01,4.097877444074693454e-02
1.681093402448049501e-01,1.326252881074516943e-01,4.342785150534610866e-02
1.682948605514292262e-01,1.289244571341220669e-01,-5.700799995056934910e-02
1.686567734428660870e-01,1.229662408421796083e-01,4.041742913727757597e-02
1.686782248675157414e-01,1.431293783239693529e-01,3.996176853439136617e-02
1.688798529185133734e-01,1.412993468042913481e-01,3.125902910382022393e-02
1.688830488995398393e-01,5.686499252851617142e-02,-2.998470517537739008e-02
1.695881590175226661e-01,1.123393610346251487e-01,-4.335589399083177031e-02
1.699307937514079325e-01,1.202793668093063012e-01,-2.880384132179495890e-02
1.702750392597305595e-01,1.249281896747060083e-01,-5.645088932196005299e-02
1.702980758909693193e-01,9.558696811231688628e-02,3.227882190563086118e-02
1.707592176013159047e-01,8.933920872330079754e-02,3.386360662526206183e-02
1.708568100779400412e-01,1.239812588483367034e-01,-3.141586867500948538e-02
1.711656441164894071e-01,3.827275003281659788e-02,1.516471264471882727e-02
1.718240929114858428e-01,1.377625847129363146e-01,1.000140714564082094e-02
1.722273234456329072e-01,1.380928829600594210e-01,-1.433162425879925400e-02
1.723747732262699284e-01,1.374784108639871549e-01,7.073773470081839987e-03
1.724096222033824899e-01,1.419218727725503060e-01,4.804080587568579364e-02
1.724214345492562639e-01,1.379266663788350500e-01,-4.833801932551946845e-02
1.729243796914290698e-01,1.344601519504417253e-01,4.730005098131479652e-02
1.730214352432407343e-01,1.118374769581531730e-01,4.258409333847316264e-02
1.730498411226039646e-01,1.097559728673887791e-01,4.131175091997022625e-02
1.731431382007285191e-01,1.429379646283323035e-01,3.810524233200394961e-02
1.738439529202118194e-01,1.223051074231209234e-01,-4.988162382962466057e-02
1.738606325753025428e-02,-8.547429939184290892e-02,3.723167205411614250e-02
1.747356571944437831e-01,9.402985419641282649e-02,-3.244300584121894565e-02
1.749018737756681818e-01,1.165259811239774818e-01,2.492928321353222662e-02
1.754638644974185202e-02,-7.761205183553565590e-02,5.191332494975713086e-02
1.758804320302753688e-01,1.348220904097268413e-01,-2.654623867647233279e-02
1.760471855363122118e-01,1.331346763473738037e-01,-1.932259766695871780e-02
1.763490651201480020e-01,4.847426713761573275e-02,2.415281642717150706e-02
1.767008020079966490e-01,1.364145966195179638e-01,3.191281496249905036e-02
1.770686466402186798e-01,1.328982121031876962e-01,-1.690552995033010181e-02
1.771281685908555337e-01,8.142280207251907653e-02,-3.470693652897397646e-02
1.772144856464183127e-01,9.982078005750599781e-02,-3.143613758667932606e-02
1.772364739958803836e-01,1.076406680812884709e-01,2.978046920556565169e-02
1.776488066839908009e-01,1.276815528968539004e-01,3.328365432025662263e-02
1.778171709644649767e-01,1.304402853671262352e-01,-2.701487336433547673e-02
1.788102006211600425e-01,1.452436092604447726e-01,-4.777871305794499646e-02
1.793453356842313606e-01,1.237490900026501778e-01,2.334450009189154712e-02
1.794509564651939615e-01,1.287518102390724228e-01,1.892532763912951541e-02
1.794675755665315620e-01,1.312601312039591572e-01,3.986611282226926872e-02
1.795871913785226925e-02,9.266844937464538412e-02,-1.237466834763145500e-02
1.795871913785226925e-02,9.266844937464538412e-02,1.147471524807365702e-02
1.796364767718182098e-01,8.957888812439951387e-02,3.158278517778215916e-02
1.807056474804877300e-01,1.356714287594719959e-01,-5.072693843925749763e-02
1.813399857946205174e-01,1.449117002388843056e-01,-4.441659854576219396e-02
1.833298035816977034e-01,1.443374335841249578e-01,4.264843802447898513e-02
1.841147876574939224e-01,1.134508976677814918e-01,-2.979323075610083860e-02
1.857941606315843819e-01,1.368725039970657975e-01,4.193379429509420941e-02
1.870295734893265283e-01,1.403036197396099749e-01,-5.288925610625709595e-02
1.870815784925891623e-01,1.465031325990505395e-01,-5.081669756638577257e-02
1.870815784925891623e-01,1.465031325990505395e-01,4.991674446682797112e-02
1.886939125686685204e-01,1.453878374922071004e-01,4.364120561072983712e-02
1.891630825833535701e-01,3.972128688530855711e-02,-4.447218228773927714e-04
1.892231414588028959e-01,1.428060600994080498e-01,-4.332876330789810909e-02
1.892231414588028959e-01,1.428060600994080498e-01,4.242881020834030764e-02
1.899266408023483899e-01,3.865645312289194002e-02,-1.054634507981208093e-02
1.905786464995954943e-01,1.358623055302966010e-01,4.706964631715487846e-02
1.931030624249315264e-01,1.450232271927838212e-01,4.419509469046445371e-02
1.931309569473305121e-01,1.388199686435802604e-01,4.284859912018546685e-02
1.934360325121928237e-01,1.409250718582440720e-01,-5.143637911153118442e-02
1.948183582257594360e-01,9.995429536086759825e-02,3.242531289195991345e-02
1.949481150554339126e-01,1.379958401921718425e-01,4.937598767313110260e-02
1.981557133030438511e-02,8.588288308241985580e-02,2.105729946628282639e-02
1.984993357649527113e-01,1.374580332889624168e-01,4.361611076771004097e-02
2.013031059998499628e-01,1.167469001164508358e-01,-2.888383992286840812e-02
2.013653125745490935e-01,1.392199776288526314e-01,4.744112477980400033e-02
2.021583505225320598e-01,1.034626260050111879e-01,-3.412618203273089929e-02
2.021583505225320598e-01,1.034626260050111879e-01,3.322622893317309783e-02
2.023434072420210450e-02,7.862063622009705932e-02,3.096985993652668842e-02
2.032661286820012791e-01,1.108583817787335279e-01,2.811391531137234778e-02
2.033942747372384230e-01,4.263374604295387671e-02,-4.329254963122847470e-04
2.036800721445490292e-01,9.879878842074914236e-02,3.076401319057412223e-02
2.037712215234238067e-01,1.147104210063872864e-01,-2.814876748276246357e-02
2.041825059297575629e-01,1.071747196154780868e-01,3.095505934839313036e-02
2.051390758349027066e-01,1.013795047478474043e-01,-3.292252763844874530e-02
2.056822392023124890e-01,4.183175615211581072e-02,-8.141180794516532024e-03
2.061969966903590690e-01,1.059285938293352269e-01,-2.905424323923747401e-02
2.071932478959287449e-01,6.144143281562849945e-02,-2.748227759950342894e-02
2.077396328122131930e-01,1.017258851714956808e-01,2.564800022073523977e-02
2.082318394581370580e-01,5.627624807970692949e-02,-2.503791620490880207e-02
2.087015463976346075e-01,9.236979133968428735e-02,-2.648564767018209490e-02
2.103020936956882525e-01,1.080707065042855047e-01,-4.461695535155811381e-04
2.107208694815480565e-01,1.064631791836699870e-01,-2.468467081401566968e-02
2.107573292330979786e-01,9.495854875504509962e-02,2.193017461829737877e-02
2.108999722582711733e-01,1.091752631148800723e-01,1.613587220324974938e-02
2.115074643317816916e-01,1.086551491626331356e-01,-1.166871129467660605e-02
2.127519793434871631e-01,1.042374340772191793e-01,2.107917595640897840e-02
2.127777739364652976e-02,-6.126233973863788596e-02,-6.169703464924403830e-02
2.127932714183490837e-01,1.470516652145847925e-01,-4.199068595164283380e-02
2.128420804405852795e-01,1.038604872910337679e-01,1.717990012918407805e-02
2.131836157569974577e-01,8.617618465318060972e-02,-2.373565620801712517e-02
2.132994381093964997e-01,9.902827903433548962e-02,-1.906205969569077160e-02
2.147782824499624432e-01,9.106414999486658890e-02,-1.837277767374150342e-02
2.153997567705773220e-02,-1.131002315453661505e-01,4.712959333326828537e-02
2.160367319389433494e-01,1.032540434992999800e-01,-6.883960959235569180e-03
2.160367319389433494e-01,1.032540434992999800e-01,5.984007859677771199e-03
2.161268074681932383e-01,6.539159505275676798e-02,-2.286530108704193723e-02
2.190137081956834708e-02,-5.378593977567475148e-02,-6.402145247390593485e-02
2.192656954896015642e-01,8.683248574892728222e-02,-1.545259702593624121e-02
2.192656954896015642e-01,8.683248574892728222e-02,1.455264392637844323e-02
2.196254862496369031e-01,5.130350934129396245e-02,-1.986656801957769822e-02
2.196254862496369031e-01,5.130350934129396245e-02,1.896661492001990371e-02
2.205852777036567125e-01,5.486605341158946880e-02,-2.103805007085693748e-02
2.209225431894175085e-01,4.457531410447450326e-02,-6.270176798079230875e-03
2.216137188301249283e-01,6.257119932455980360e-02,1.842746890076037147e-02
2.218163951628992492e-01,4.495182943322132557e-02,9.292394734824672292e-03
2.255644116001036537e-01,7.428923819024585429e-02,-1.828596843710065742e-02
2.275150850115686407e-01,5.163825639400591166e-02,1.764301375982400139e-02
2.279842550262537459e-01,5.515291827656292056e-02,1.830339292736043316e-02
2.284663112364375137e-01,5.909932843196613605e-02,1.841787136973789887e-02
2.289767733259845395e-01,6.203875527751277069e-02,-1.904538306669467662e-02
2.303875049189144097e-01,9.136388827141465885e-02,-4.233811967882445174e-04
2.304679158015403018e-01,6.687149406706142940e-02,1.722772958323564099e-02
2.328808047729767905e-01,5.320920571177354536e-02,1.860489698342561102e-02
2.329424744228634769e-01,7.120450287134996725e-02,-1.728113602247489944e-02
2.359591225619715460e-01,7.629836609468493291e-02,1.299064974744697058e-02
2.369328484932667345e-01,4.819437270726099898e-02,-1.368234473336773886e-02
2.369328484932667345e-01,4.819437270726099898e-02,1.278239163380994088e-02
2.378390241695865215e-01,6.531276937672002292e-02,1.656021858403865579e-02
2.380047038259984760e-01,7.943511920076758159e-02,-1.068623876230725446e-02
2.387489583195934739e-01,5.524138942333753355e-02,-2.043381150603139351e-02
2.387800488230188978e-01,6.203285549653791281e-02,-1.927337476517961695e-02
2.397173150027641642e-01,5.777599413618593471e-02,2.030051193309256180e-02
2.399902517824243353e-01,4.480046137984589061e-02,8.254371258243816886e-03
2.400717365146750604e-01,8.197722807706613046e-02,5.650493656646775505e-03
2.423398603295368048e-01,7.385492354463540909e-02,1.337494249602170018e-02
2.436803570434291077e-01,6.153097781202799404e-02,1.853567363238288815e-02
2.436910699718298212e-01,5.310839807823677927e-02,1.787604552038767752e-02
2.437645997374193740e-02,4.042161261969477032e-02,-5.772542737942817914e-02
2.437645997374193740e-02,4.042161261969477032e-02,5.682547427987037769e-02
2.444765909724385122e-01,7.948659367117982821e-02,5.489205677662816092e-03
2.446417592718861944e-01,5.767840165956179821e-02,-2.033482877766074753e-02
2.459737257425326229e-02,-1.228413132516255335e-01,4.678728458944770435e-02
2.475307727127214474e-01,7.858042438682207032e-02,-4.043462146913883457e-04
2.486004803462033563e-01,5.602637989109583716e-02,-1.860779254053209972e-02
2.486004803462033563e-01,5.602637989109583716e-02,1.770783944097430521e-02
2.503946018230680526e-01,4.626342169471029525e-02,-4.326999959609407337e-03
2.503946018230680526e-01,4.626342169471029525e-02,3.427046860051610223e-03
2.505752898063802747e-01,5.691057360991562397e-02,-1.757877773546959524e-02
2.512423293983758743e-01,7.497932719740431351e-02,-1.091980584969286239e-02
2.525640593116807442e-01,6.028271071859742092e-02,-1.681384045066184468e-02
2.527903347683544966e-01,7.562973490413817113e-02,6.559400298753697948e-03
2.532032043812773581e-01,6.307039877696953012e-02,-1.015765625933544823e-02
2.536300084714755987e-01,5.253660191681087943e-02,1.224544444949661817e-02
2.542311180009898530e-02,-6.861091644044756133e-02,-6.165253380943153810e-02
2.542311180009898530e-02,-6.861091644044756133e-02,6.075258070987373665e-02
2.547495989768186475e-01,5.197139586826155649e-02,-7.328950181474410894e-03
2.551892636946674342e-01,7.337555835047590569e-02,8.792176563462743982e-03
2.559577147907274308e-02,-8.440941768971089998e-02,-4.499765497788986109e-04
2.563662284513975598e-01,5.628429555993156447e-02,-3.898689044081606958e-04
2.565469164347097819e-01,5.901836144864166384e-02,1.317998126144527722e-02
2.577506762963657772e-01,5.563442477801015806e-02,-4.580782026485036643e-03
2.586128752737614223e-01,5.713202313523937925e-02,8.968210399405185038e-03
2.590836560628838603e-01,6.112668621218016185e-02,-1.048205472548370890e-02
2.592032368889700678e-01,5.864677751861867988e-02,4.393165957006168847e-03
2.593019032152191206e-01,6.515780904067085266e-02,-3.898689044081606958e-04
2.666601603736715176e-02,-1.128439266509677491e-01,5.120672550461596167e-02
2.721507918575180596e-02,-5.267842368664969049e-02,-6.398767095445620501e-02
2.802903163357192695e-02,-8.917513036517255021e-02,5.603029502459970501e-02
2.833090482544567412e-02,-1.360950210005280880e-01,-4.571939546746631861e-02
2.833090482544567412e-02,-1.360950210005280880e-01,4.481944236790851716e-02
2.873520281725555625e-02,-1.342199389323009973e-01,-4.285095775247951821e-02
3.118454514827993795e-02,-1.689220543247482997e-01,4.287149512825906561e-02
3.167516658761465598e-02,-1.497433684865785430e-01,4.897641653725934990e-02
3.176685289130187773e-02,-1.138235587551998385e-01,-5.253365208136642067e-02
3.183012692366384011e-02,-8.618905498056361747e-02,3.182541446936831137e-02
3.293683762547021388e-02,-1.679048886193414414e-01,3.712158968364057815e-02
3.371432392977839754e-02,-1.320987407571879158e-01,3.737483602419664624e-02
3.598618704244110900e-02,9.100463443619176418e-02,1.345639047449064853e-02
3.611541333926518438e-02,-1.341518389685890933e-01,-5.077701626596117096e-02
3.618296998620260108e-02,-1.665879910293485422e-01,5.112415094283519201e-02
3.633417824052671830e-02,-6.893638875622071227e-02,6.203409239794160229e-02
3.646125683810103046e-02,9.326201975480458151e-02,-9.974276461003676875e-03
3.781300979716854804e-02,-1.776813562275258440e-01,-4.683516677548273804e-02
3.781300979716854804e-02,-1.776813562275258440e-01,4.593521367592493659e-02
3.814008649541697493e-02,-5.921889978189869008e-02,-6.486918004921375658e-02
3.815778583834154858e-02,-1.140219524733986911e-01,-5.398122055160736038e-02
3.817386801486671866e-02,-1.835140983043692664e-01,4.692235313958818127e-02
3.826823894261617565e-02,-1.465551473020456907e-01,-3.841318149416243777e-02
4.068970592712772838e-02,-1.720636269702188748e-01,5.570697040807633810e-02
4.134010724189954300e-02,-1.654432034095928428e-01,5.286609163748074575e-02
4.144252564987363496e-02,-1.688566389850986171e-01,-3.951839008488638311e-02
4.144252564987363496e-02,-1.688566389850986171e-01,3.861843698532858166e-02
4.204896304964537979e-02,-1.561938169922930386e-01,-5.139493043359896068e-02
4.301090220291495236e-02,-1.777837682435378930e-01,3.652281944235131333e-02
4.340125293352534164e-02,-8.807807152606607348e-02,-5.550879081890278816e-02
4.365647758633681152e-02,-9.526525118603926257e-02,5.303317113358229501e-02
4.384093043529820044e-02,-1.090085065246516327e-01,3.562125876263372293e-02
4.466828043558128403e-02,-1.463862460967590706e-01,-4.875539527168964993e-02
4.548866319722666418e-02,4.347117616739442497e-02,-5.505731375518021359e-02
4.634389493598461973e-02,-9.467221773069250945e-02,-3.545128370601872275e-02
4.667687780716996138e-02,-1.639246905525264253e-01,-3.899474137762418136e-02
4.685059855184449396e-02,-1.536168463549578145e-01,-4.133588057501656060e-02
4.750422780745303108e-02,-3.643606139644985781e-02,6.343731982742137343e-02
4.792460158382604030e-02,-1.554409972695471320e-01,-5.115063923187904843e-02
4.793640114577574218e-02,-9.504166035342775931e-02,4.845614278596110241e-02
4.814444672667453351e-02,-1.916401613104871116e-01,-6.505308958140065823e-02
4.910372345786256920e-03,-6.625058218101025076e-02,-4.458051402064753393e-02
4.986187744282810641e-02,-1.557385814548833680e-01,-4.571703683346878266e-02
4.986187744282810641e-02,-1.557385814548833680e-01,4.481708373391098121e-02
4.989888690311458652e-02,-5.085626706422087528e-02,6.193757377094236127e-02
5.049888759709902919e-02,9.172153133220019294e-02,-1.185734528581588662e-02
5.104688328782085172e-02,-7.992573755591070306e-02,-3.557069514511054104e-02
5.195573080427877410e-02,8.907593659026470656e-02,-1.797341907060801686e-02
5.267852108930001775e-02,-1.697322482988813108e-01,-5.775974582369036020e-02
5.276056831421142845e-02,-7.475465943097632515e-02,-4.852376015483453320e-02
5.387746141156814217e-02,9.322288177115449492e-02,-1.011604698335664271e-02
5.408550699246690574e-02,-1.098618643235899604e-02,6.807916906222133413e-02
5.474395578746335533e-02,-6.006984251411912057e-02,-5.757690374916629716e-02
5.498042944970610302e-03,-5.912452885414922615e-02,-4.841507123208651370e-02
5.528229961548523919e-02,-5.217375591070366747e-02,-6.016351346527734623e-02
5.528229961548523919e-02,-5.217375591070366747e-02,5.926356036571954478e-02
5.629355914795522442e-02,-6.139424426756216052e-02,5.179788291910018827e-02
5.659115611721554640e-02,8.776708008853441323e-02,-1.877540896144608978e-02
5.695845104070101916e-02,7.784314991578888954e-02,-2.819820611326085205e-02
5.695845104070101916e-02,7.784314991578888954e-02,2.729825301370305754e-02
5.739223515346106308e-02,-1.930937957527162629e-01,-5.066141443625291063e-02
5.760671104818509969e-02,-1.739252987020588892e-01,5.298217925630504394e-02
5.868660746917943316e-02,-5.225595654270434598e-02,-5.482782314159386633e-02
5.942977532922541495e-02,-1.748175271171792111e-01,-4.463016678187469582e-02
5.945497244363807943e-02,-1.735816029024728202e-01,4.738037237647192007e-02
5.983460385388569835e-02,-8.589896856671548619e-02,-2.356771859100997499e-02
5.983460385388569835e-02,-8.589896856671548619e-02,2.266776549145218048e-02
5.986998975581073190e-02,-1.910353282931906427e-01,3.884723087505116690e-02
5.994881543184746309e-02,-4.727093564920666763e-02,5.294330653908015105e-02
6.007536349657136010e-02,-1.801634062283750670e-01,6.000404999366534126e-02
6.041744852172008240e-02,-1.913232733997510537e-01,-6.667669907854134603e-02
6.104158526441640087e-02,6.734763771234625329e-02,3.511766164033156695e-02
6.245982102079646048e-02,-4.767200889616085568e-02,-4.776396680148888713e-02
6.431345166437388294e-02,-1.806738683179220373e-01,-5.183016232576401205e-02
6.431345166437388294e-02,-1.806738683179220373e-01,5.093020922620621060e-02
6.498799541981961636e-02,9.600467004855177400e-02,-4.499765497788986109e-04
6.540193888236736641e-02,5.624086217778190289e-02,-4.113459449398875617e-02
6.703679823272123972e-02,-1.877404124780702732e-01,-4.336351001361783697e-02
6.752045243341825431e-02,-1.865666692702148410e-01,6.048769780240031285e-02
6.804484900024063143e-02,-8.635259332968783785e-02,-2.136014423468511961e-02
6.819390955531495768e-02,4.101185917958645455e-02,-4.952692746334550616e-02
6.860034885441260166e-02,8.729844060669970929e-02,1.786001288156841699e-02
6.861857873018753495e-02,-5.320169846413179415e-02,4.271873362715608580e-02
6.942234239049530076e-02,-8.193862393403689159e-02,2.604719902481740165e-02
7.036229319430278850e-02,-2.212400932460494365e-02,6.021102172493923016e-02
7.104647602852434685e-02,-1.401065753402461200e-02,6.061209816787443971e-02
7.267275736580314227e-02,5.256936072233214796e-02,3.721381610812127955e-02
7.416981879821993306e-02,-6.305752867316538612e-02,-3.680716587257243377e-02
7.440950459128070626e-02,-8.173165220276300269e-02,2.546306637662934871e-02
7.569047935453612763e-02,-3.994681139823048205e-02,3.979024023270098104e-02
7.601540835353479131e-02,-8.635580848660046049e-02,2.026383645282336249e-02
7.865564663126992095e-02,-2.360192842866371335e-02,-5.306496794711111631e-02
7.917682164921763244e-02,3.815586022275465478e-02,-4.171947819771803373e-02
7.917682164921763244e-02,3.815586022275465478e-02,4.081952509816023228e-02
7.934894440337894594e-02,-1.208978664563137469e-02,-5.268721896968807383e-02
7.934894440337894594e-02,-1.208978664563137469e-02,5.178726587013027238e-02
7.980846255536408473e-02,2.308283707855582345e-02,-5.196496241349825296e-02
7.991409612025079934e-02,-6.717605519076784437e-02,2.744500926645730698e-02
7.993232599602576038e-02,-3.036572689411798712e-02,-4.364013175940147093e-02
7.993232599602576038e-02,-3.036572689411798712e-02,4.274017865984366948e-02
8.096986927645738463e-02,-4.211293867461362445e-02,-3.460779400155200580e-02
8.149052015351676559e-02,-3.371470272830098813e-02,3.544758276169356070e-02
8.445085510693856046e-02,-1.150844169189365815e-02,-4.311037233641666633e-02
8.468570857668730745e-02,-8.290001977053196303e-02,-4.499765497788986109e-04
8.468570857668730745e-02,2.018094063820296755e-02,4.510432572464555950e-02
8.515487859137238491e-02,9.710494404457084561e-02,8.542523304575680432e-03
8.544549553807090359e-02,-8.244800578199694419e-02,1.898061012093479535e-02
8.614523640792928760e-02,1.155182092651930222e-03,4.597446351891094907e-02
8.625355459687822357e-02,-1.948806644536937860e-02,3.490387927349028474e-02
8.650502716796459879e-02,-7.273265811496265609e-02,2.440831433636071746e-02
8.741978085735946369e-02,-5.990308261612022761e-02,-2.574151462386612202e-02
8.917474517468784723e-02,1.082913501393382300e-02,3.806304259853050820e-02
9.157476073454975940e-02,-1.331515693199310062e-02,-3.143624305405320896e-02
9.276673381818020814e-02,-5.082339959534470930e-02,2.052576787181884660e-02
9.483430343166920906e-02,-7.167796520034301622e-02,-4.499765497788986109e-04
9.826006271001305747e-02,-5.142404587749650757e-02,-1.571780112950282512e-02
9.827836592346525513e-03,-6.185269496188446764e-02,-4.950328359571171816e-02
9.827836592346525513e-03,-6.185269496188446764e-02,4.860333049615391671e-02
9.883808783845951518e-02,-5.238045917957132036e-02,-4.499765497788986109e-04
